PR Number,Title,Created At,Updated At,State,Files Changed,Total Comments,Decision Time,URL,Type of Change,LOC Changed,Closed Date
118012,Add duwi integration,2024-05-24 05:54:11+00:00,2024-10-29 09:02:07+00:00,closed,13,0,157,https://github.com/home-assistant/core/pull/118012,New integration (thank you!),1454,2024-10-28T08:07:33Z
113065,Add GoDice integration,2024-03-11 13:35:02+00:00,2024-09-13 21:01:49+00:00,closed,16,66,185,https://github.com/home-assistant/core/pull/113065,New integration (thank you!),618,2024-09-12T20:05:44Z
112511,Add aWATTar integration,2024-03-06 16:29:05+00:00,2024-09-28 12:03:52+00:00,closed,16,54,204,https://github.com/home-assistant/core/pull/112511,New integration (thank you!),481,2024-09-27T11:07:13Z
109335,Add Fujitsu FGLair integration,2024-02-01 22:11:14+00:00,2024-08-26 17:01:46+00:00,merged,21,133,198,https://github.com/home-assistant/core/pull/109335,New integration (thank you!),1115,2024-08-18T13:37:33Z
108336,Add SimpleFIN integration,2024-01-19 01:13:22+00:00,2024-07-11 11:01:48+00:00,merged,19,142,173,https://github.com/home-assistant/core/pull/108336,New integration (thank you!),1307,2024-07-10T10:44:04Z
108326,Add husqvarna automower ble integration,2024-01-18 22:04:09+00:00,2024-10-26 21:01:43+00:00,merged,21,93,280,https://github.com/home-assistant/core/pull/108326,New integration (thank you!),1132,2024-10-25T14:54:03Z
107749,Add bzutech integration,2024-01-10 20:28:50+00:00,2024-08-01 20:02:52+00:00,closed,0,54,202,https://github.com/home-assistant/core/pull/107749,New integration (thank you!),0,2024-07-31T19:44:15Z
107094,Add huawei smart logger 3000 integration,2024-01-04 10:59:47+00:00,2024-06-05 17:01:52+00:00,closed,16,58,152,https://github.com/home-assistant/core/pull/107094,New integration (thank you!),743,2024-06-04T16:04:54Z
106449,Add Zimi Cloud Controller integration,2023-12-27 02:30:35+00:00,2024-09-28 12:03:54+00:00,closed,16,13,275,https://github.com/home-assistant/core/pull/106449,New integration (thank you!),1103,2024-09-27T11:05:52Z
105474,Add Arctic Spa integration,2023-12-11 07:18:44+00:00,2024-05-25 17:01:40+00:00,closed,17,62,165,https://github.com/home-assistant/core/pull/105474,New integration (thank you!),469,2024-05-24T16:05:07Z
104725,Add Epic Games Store integration,2023-11-29 14:53:18+00:00,2024-04-23 10:01:44+00:00,merged,26,31,144,https://github.com/home-assistant/core/pull/104725,New integration (thank you!),5125,2024-04-22T07:54:47Z
103683,Add new integration for Leviosa zone,2023-11-09 02:56:33+00:00,2024-06-27 17:01:37+00:00,closed,14,149,230,https://github.com/home-assistant/core/pull/103683,New integration (thank you!),621,2024-06-26T16:04:57Z
103073,Add integration for iotty Smart Home,2023-10-30 16:01:05+00:00,2024-07-20 11:02:04+00:00,merged,24,143,262,https://github.com/home-assistant/core/pull/103073,New integration (thank you!),1336,2024-07-19T10:10:39Z
102542,Add integration for Vevor BLE Heaters,2023-10-22 17:00:09+00:00,2024-03-24 18:01:55+00:00,closed,17,83,153,https://github.com/home-assistant/core/pull/102542,New integration (thank you!),896,2024-03-23T17:04:50Z
102371,Add lektrico integration,2023-10-20 08:31:56+00:00,2024-08-31 12:05:34+00:00,merged,26,207,315,https://github.com/home-assistant/core/pull/102371,New integration (thank you!),1693,2024-08-30T11:20:15Z
102361,Add notify integration TvOverlay Notifications for Android TV,2023-10-19 21:57:15+00:00,2024-07-14 23:01:49+00:00,closed,15,62,268,https://github.com/home-assistant/core/pull/102361,New integration (thank you!),1168,2024-07-13T22:04:32Z
102190,Add deako integration using pydeako,2023-10-17 23:13:18+00:00,2024-05-10 19:01:39+00:00,closed,19,54,204,https://github.com/home-assistant/core/pull/102190,New integration (thank you!),795,2024-05-09T18:05:04Z
101786,Add Viam image processing integration,2023-10-10 20:14:11+00:00,2024-05-15 12:03:31+00:00,merged,18,114,216,https://github.com/home-assistant/core/pull/101786,New integration (thank you!),1299,2024-05-14T11:35:56Z
101731,Add Monzo integration,2023-10-09 22:32:27+00:00,2024-05-08 19:01:47+00:00,merged,24,46,210,https://github.com/home-assistant/core/pull/101731,New integration (thank you!),919,2024-05-07T18:38:58Z
100110,Add FlexMeasures integration,2023-09-11 08:35:33+00:00,2024-06-02 18:01:53+00:00,closed,22,43,264,https://github.com/home-assistant/core/pull/100110,New integration (thank you!),1126,2024-06-01T17:05:42Z
99573,Add microBees integration,2023-09-04 09:55:48+00:00,2024-04-02 11:02:20+00:00,merged,23,169,168,https://github.com/home-assistant/core/pull/99573,New integration (thank you!),1012,2024-02-19T14:12:03Z
98703,Add Hong Kong Observatory integration,2023-08-20 12:05:59+00:00,2024-01-06 14:01:53+00:00,merged,17,50,138,https://github.com/home-assistant/core/pull/98703,New integration (thank you!),705,2024-01-05T13:52:46Z
98136,Add airtouch5,2023-08-09 22:45:57+00:00,2024-01-24 21:01:58+00:00,merged,18,58,166,https://github.com/home-assistant/core/pull/98136,New integration (thank you!),661,2024-01-23T13:49:48Z
96722,Introduce new decora_ble integration,2023-07-16 20:54:04+00:00,2024-02-20 14:01:46+00:00,closed,19,12,217,https://github.com/home-assistant/core/pull/96722,New integration (thank you!),1416,2024-02-19T13:05:08Z
95722,Add Komfovent,2023-07-02 18:12:50+00:00,2023-11-12 11:01:47+00:00,merged,15,59,131,https://github.com/home-assistant/core/pull/95722,New integration (thank you!),454,2023-11-11T10:19:42Z
95613,Add Mypermobil integration,2023-06-30 09:21:37+00:00,2023-11-25 17:01:37+00:00,merged,17,184,147,https://github.com/home-assistant/core/pull/95613,New integration (thank you!),944,2023-11-24T09:41:00Z
95146,Add battery_sim component,2023-06-23 20:15:00+00:00,2023-11-14 18:01:55+00:00,closed,10,2,142,https://github.com/home-assistant/core/pull/95146,New integration (thank you!),1533,2023-11-13T17:11:44Z
95093,Add Aprilaire integration,2023-06-23 00:45:43+00:00,2024-02-17 08:01:41+00:00,merged,16,114,238,https://github.com/home-assistant/core/pull/95093,New integration (thank you!),880,2024-02-16T07:30:51Z
94824,New integration Midea ccm15 climate,2023-06-18 17:53:39+00:00,2023-12-24 21:01:36+00:00,merged,18,116,188,https://github.com/home-assistant/core/pull/94824,New integration (thank you!),1121,2023-12-23T20:24:52Z
94438,Add Miraie AC integration,2023-06-11 20:39:31+00:00,2024-02-20 16:06:52+00:00,closed,13,67,252,https://github.com/home-assistant/core/pull/94438,New integration (thank you!),739,2024-02-19T16:05:47Z
93750,Add romy vacuum integration,2023-05-29 18:07:04+00:00,2024-02-01 10:01:49+00:00,merged,18,193,246,https://github.com/home-assistant/core/pull/93750,New integration (thank you!),683,2024-01-31T09:48:44Z
93604,Add Owlet integration,2023-05-26 14:11:28+00:00,2024-02-01 19:01:45+00:00,closed,24,70,250,https://github.com/home-assistant/core/pull/93604,New integration (thank you!),4380,2024-01-31T18:04:42Z
93580,Add Trello integration,2023-05-26 04:46:27+00:00,2024-09-28 12:03:33+00:00,closed,22,108,490,https://github.com/home-assistant/core/pull/93580,New integration (thank you!),782,2024-09-27T11:53:37Z
93462,Add bang_olufsen integration,2023-05-24 14:04:25+00:00,2024-01-25 11:02:11+00:00,merged,22,147,244,https://github.com/home-assistant/core/pull/93462,New integration (thank you!),1790,2024-01-24T11:00:52Z
91436,Add Linear Garage Door integration,2023-04-14 21:21:53+00:00,2023-11-23 09:01:55+00:00,merged,22,45,221,https://github.com/home-assistant/core/pull/91436,New integration (thank you!),1134,2023-11-22T08:35:31Z
90056,Add Tami4 Integration,2023-03-21 15:54:56+00:00,2023-11-11 10:02:01+00:00,merged,19,90,204,https://github.com/home-assistant/core/pull/90056,New integration (thank you!),796,2023-10-12T11:15:26Z
89504,Add iNELS integration,2023-03-10 12:20:58+00:00,2023-11-30 22:06:45+00:00,closed,18,62,264,https://github.com/home-assistant/core/pull/89504,New integration (thank you!),1198,2023-11-29T21:50:16Z
88540,Intellidrive reisinger,2023-02-21 13:58:49+00:00,2023-12-17 17:05:30+00:00,closed,16,75,298,https://github.com/home-assistant/core/pull/88540,New integration (thank you!),548,2023-12-16T16:05:14Z
88272,Sun WEG integration,2023-02-16 20:56:25+00:00,2023-12-19 14:01:54+00:00,merged,21,64,295,https://github.com/home-assistant/core/pull/88272,New integration (thank you!),1050,2023-12-09T08:45:40Z
87807,Zcs azzurro integration,2023-02-09 22:08:36+00:00,2023-06-25 22:09:16+00:00,closed,29,19,134,https://github.com/home-assistant/core/pull/87807,New integration (thank you!),700,2023-06-24T22:05:02Z
87748,Add Southern company integration,2023-02-09 03:52:58+00:00,2023-09-12 14:01:38+00:00,closed,17,34,214,https://github.com/home-assistant/core/pull/87748,New integration (thank you!),1192,2023-09-11T13:56:15Z
87681,Add smartenergy_goecharger integration,2023-02-08 09:06:46+00:00,2023-08-09 08:02:32+00:00,closed,16,8,180,https://github.com/home-assistant/core/pull/87681,New integration (thank you!),1355,2023-08-08T07:05:21Z
86930,Add Imazu Wall Pad,2023-01-30 05:14:13+00:00,2023-11-22 01:26:33+00:00,closed,24,2,294,https://github.com/home-assistant/core/pull/86930,New integration (thank you!),937,2023-11-21T00:18:25Z
86636,Add Support for Luxtronik2 heatpumps,2023-01-25 18:32:59+00:00,2023-11-30 23:02:04+00:00,closed,21,17,308,https://github.com/home-assistant/core/pull/86636,New integration (thank you!),1518,2023-11-29T22:07:53Z
86551,Add Devialet integration,2023-01-24 18:08:38+00:00,2023-11-29 15:03:05+00:00,merged,29,27,307,https://github.com/home-assistant/core/pull/86551,New integration (thank you!),1317,2023-11-28T12:56:18Z
86522,Add myUplink integration,2023-01-24 12:21:34+00:00,2024-01-13 12:02:08+00:00,merged,21,60,352,https://github.com/home-assistant/core/pull/86522,New integration (thank you!),480,2024-01-12T11:17:07Z
86084,Add Asus Router integration,2023-01-17 13:07:21+00:00,2023-12-15 15:01:56+00:00,closed,19,6,331,https://github.com/home-assistant/core/pull/86084,New integration (thank you!),1791,2023-12-14T14:52:53Z
85969,Add Dremel 3D Printer integration,2023-01-15 20:56:37+00:00,2023-06-01 22:01:44+00:00,merged,21,14,135,https://github.com/home-assistant/core/pull/85969,New integration (thank you!),910,2023-05-31T20:55:57Z
85893,Add Sunsynk Integration,2023-01-14 20:40:06+00:00,2024-06-15 21:01:35+00:00,closed,14,74,516,https://github.com/home-assistant/core/pull/85893,New integration (thank you!),585,2024-06-14T20:05:14Z
85029,Add new 2N Telekomunikace integration,2023-01-03 00:27:22+00:00,2023-06-26 15:36:59+00:00,closed,20,17,173,https://github.com/home-assistant/core/pull/85029,New integration (thank you!),693,2023-06-25T15:22:43Z
84748,Add JVC Projector integration,2022-12-29 01:28:53+00:00,2024-01-26 15:50:40+00:00,merged,21,39,127,https://github.com/home-assistant/core/pull/84748,New integration (thank you!),1030,2023-05-05T18:44:54Z
83069,Add Rointe integration,2022-12-01 19:41:55+00:00,2024-04-12 18:01:41+00:00,closed,23,169,496,https://github.com/home-assistant/core/pull/83069,New integration (thank you!),1597,2024-04-11T17:04:42Z
82959,Add TED (The Energy Detective) integration,2022-11-30 01:43:41+00:00,2024-03-17 17:01:34+00:00,closed,19,43,472,https://github.com/home-assistant/core/pull/82959,New integration (thank you!),782,2024-03-16T16:05:21Z
82850,Initial Edilkamin stove integration,2022-11-28 09:20:29+00:00,2024-04-03 19:03:58+00:00,closed,19,17,491,https://github.com/home-assistant/core/pull/82850,New integration (thank you!),424,2024-04-02T18:05:36Z
82483,Add bluecurrent integration,2022-11-21 13:57:23+00:00,2023-12-31 15:01:39+00:00,merged,18,121,396,https://github.com/home-assistant/core/pull/82483,New integration (thank you!),1268,2023-12-22T15:34:17Z
81724,Add Combined Energy integration ,2022-11-07 14:18:45+00:00,2024-03-12 23:02:31+00:00,closed,21,130,490,https://github.com/home-assistant/core/pull/81724,New integration (thank you!),1494,2024-03-11T16:06:55Z
81670,Add integration weenect,2022-11-06 18:19:21+00:00,2023-04-05 12:02:39+00:00,closed,19,11,148,https://github.com/home-assistant/core/pull/81670,New integration (thank you!),824,2023-04-04T11:37:39Z
81149,Add electric kiwi integration,2022-10-28 17:32:47+00:00,2023-07-26 11:01:52+00:00,merged,22,56,269,https://github.com/home-assistant/core/pull/81149,New integration (thank you!),806,2023-07-25T08:46:54Z
80326,Add formula_one integration,2022-10-14 13:04:38+00:00,2024-05-05 19:01:42+00:00,closed,16,78,568,https://github.com/home-assistant/core/pull/80326,New integration (thank you!),1671,2024-05-04T18:05:06Z
80061,Add Rainforest RAVEn integration,2022-10-11 00:56:07+00:00,2024-01-06 17:01:46+00:00,merged,24,73,451,https://github.com/home-assistant/core/pull/80061,New integration (thank you!),1431,2024-01-05T13:00:54Z
78839,Add HaFAS integration,2022-09-20 14:41:09+00:00,2024-05-17 13:02:17+00:00,closed,23,15,603,https://github.com/home-assistant/core/pull/78839,New integration (thank you!),5190,2024-05-16T12:20:47Z
77249,Add inels integration,2022-08-24 09:21:58+00:00,2023-03-11 12:02:06+00:00,closed,26,14,198,https://github.com/home-assistant/core/pull/77249,New integration (thank you!),1807,2023-03-10T11:59:42Z
77188,MPRIS Linux HTPC/desktop/laptop media player remote control,2022-08-23 00:17:38+00:00,2024-01-10 14:18:19+00:00,closed,21,141,504,https://github.com/home-assistant/core/pull/77188,New integration (thank you!),1820,2024-01-09T10:48:04Z
77091,Add Starlink Integration,2022-08-21 06:18:58+00:00,2023-01-17 12:02:14+00:00,merged,21,105,139,https://github.com/home-assistant/core/pull/77091,New integration (thank you!),493,2023-01-07T20:13:37Z
76190,Add Aqara,2022-08-04 06:43:45+00:00,2023-08-17 09:01:58+00:00,closed,31,0,377,https://github.com/home-assistant/core/pull/76190,New integration (thank you!),23132,2023-08-16T08:05:32Z
75530,Add WeatherFlow integration,2022-07-20 20:37:28+00:00,2023-09-28 21:01:55+00:00,merged,16,249,433,https://github.com/home-assistant/core/pull/75530,New integration (thank you!),851,2023-09-27T15:28:06Z
72982,New integration: Poolstation,2022-06-03 13:50:45+00:00,2022-11-03 04:13:18+00:00,closed,20,0,151,https://github.com/home-assistant/core/pull/72982,New integration (thank you!),1024,2022-11-02T03:47:10Z
72235,Add Dremel 3D Printer integration,2022-05-20 14:19:09+00:00,2023-06-01 03:16:25+00:00,closed,19,16,375,https://github.com/home-assistant/core/pull/72235,New integration (thank you!),730,2023-05-31T02:55:37Z
71526,Add Sungrow solar inverter integration,2022-05-08 13:01:44+00:00,2023-11-30 22:06:49+00:00,closed,14,75,570,https://github.com/home-assistant/core/pull/71526,New integration (thank you!),1449,2023-11-29T21:27:08Z
71113,Add elro_connects integration,2022-04-30 13:40:19+00:00,2022-11-10 08:02:11+00:00,closed,20,5,192,https://github.com/home-assistant/core/pull/71113,New integration (thank you!),1273,2022-11-09T07:46:17Z
70365,Add OSO Energy integration,2022-04-21 10:38:49+00:00,2024-01-30 14:02:16+00:00,merged,14,111,595,https://github.com/home-assistant/core/pull/70365,New integration (thank you!),522,2023-12-08T07:51:59Z
70361,Add new integration to control Electra Smart HVAC devices,2022-04-21 08:41:13+00:00,2024-07-28 07:19:30+00:00,merged,21,7,394,https://github.com/home-assistant/core/pull/70361,New integration (thank you!),832,2023-05-20T10:13:32Z
70201,Add SwitchBee Integration,2022-04-17 20:35:04+00:00,2022-09-15 21:02:19+00:00,merged,14,64,148,https://github.com/home-assistant/core/pull/70201,New integration (thank you!),868,2022-09-13T07:01:30Z
70080,Add new integration Loqed,2022-04-15 08:52:34+00:00,2023-06-29 11:02:03+00:00,merged,28,181,438,https://github.com/home-assistant/core/pull/70080,New integration (thank you!),1154,2023-06-28T07:42:12Z
68992,Add Azure data explorer,2022-03-31 15:48:05+00:00,2024-05-24 09:01:43+00:00,merged,16,214,783,https://github.com/home-assistant/core/pull/68992,New integration (thank you!),1030,2024-05-23T07:14:09Z
68526,Add PubliBike integration,2022-03-22 21:51:50+00:00,2024-01-27 23:01:52+00:00,closed,17,69,675,https://github.com/home-assistant/core/pull/68526,New integration (thank you!),695,2024-01-26T22:05:01Z
66431,Rki covid,2022-02-13 07:56:47+00:00,2023-01-23 21:01:48+00:00,closed,27,10,343,https://github.com/home-assistant/core/pull/66431,New integration (thank you!),1356,2023-01-22T20:05:22Z
66130,Add new Rabbit Air integration,2022-02-09 00:32:24+00:00,2024-01-26 15:50:17+00:00,merged,19,97,695,https://github.com/home-assistant/core/pull/66130,New integration (thank you!),743,2024-01-05T15:34:28Z
65000,Huawei Solar Integration,2022-01-26 20:48:10+00:00,2023-10-07 10:02:00+00:00,closed,16,19,617,https://github.com/home-assistant/core/pull/65000,New integration (thank you!),1439,2023-10-06T09:40:05Z
63736,Add vartastorage integration,2022-01-09 13:47:30+00:00,2024-02-19 09:02:48+00:00,closed,0,95,769,https://github.com/home-assistant/core/pull/63736,New integration (thank you!),0,2024-02-18T08:28:39Z
63671,New integration for Invoxia™ GPS Trackers,2022-01-08 11:48:40+00:00,2024-07-06 19:01:57+00:00,closed,23,59,909,https://github.com/home-assistant/core/pull/63671,New integration (thank you!),1005,2024-07-05T18:08:24Z
63155,Add Remootio integration,2021-12-31 21:19:04+00:00,2024-07-06 19:01:56+00:00,closed,16,181,916,https://github.com/home-assistant/core/pull/63155,New integration (thank you!),1572,2024-07-05T18:11:11Z
62801,AlphaESS Integration,2021-12-26 14:39:25+00:00,2022-06-03 01:29:10+00:00,closed,17,67,157,https://github.com/home-assistant/core/pull/62801,New integration (thank you!),601,2022-06-02T00:21:57Z
62451,Add Hyundai/Kia Connect integration,2021-12-20 22:17:46+00:00,2022-07-16 13:06:46+00:00,closed,15,87,206,https://github.com/home-assistant/core/pull/62451,New integration (thank you!),748,2022-07-15T12:07:32Z
60541,Add Ecowitt sensor integration,2021-11-29 13:12:58+00:00,2022-09-01 11:01:52+00:00,closed,17,17,274,https://github.com/home-assistant/core/pull/60541,New integration (thank you!),1285,2022-08-31T10:51:40Z
60520,Add integration for Moonraker 3d printer service,2021-11-29 02:32:37+00:00,2022-12-04 19:01:38+00:00,closed,21,54,369,https://github.com/home-assistant/core/pull/60520,New integration (thank you!),1749,2022-12-03T18:54:40Z
60413,Add lektrico integration,2021-11-26 17:49:55+00:00,2023-10-21 09:01:38+00:00,closed,24,244,692,https://github.com/home-assistant/core/pull/60413,New integration (thank you!),1631,2023-10-20T08:57:42Z
58053,Add QNAP QSW integration,2021-10-19 18:25:51+00:00,2022-05-26 17:51:33+00:00,closed,32,0,144,https://github.com/home-assistant/core/pull/58053,New integration (thank you!),1393,2022-03-12T18:55:25Z
56357,Add Uonet+ Vulcan integration,2021-09-17 20:54:19+00:00,2022-05-03 10:37:54+00:00,merged,19,37,193,https://github.com/home-assistant/core/pull/56357,New integration (thank you!),1921,2022-03-30T15:55:24Z
56094,Add ws66i core integration,2021-09-11 06:34:42+00:00,2022-05-13 03:36:03+00:00,merged,17,126,239,https://github.com/home-assistant/core/pull/56094,New integration (thank you!),1538,2022-05-08T21:52:40Z
56039,Add Escea fireplace integration,2021-09-10 06:36:11+00:00,2022-08-09 11:01:50+00:00,merged,16,88,332,https://github.com/home-assistant/core/pull/56039,New integration (thank you!),554,2022-08-08T09:48:42Z
55954,New integration: Poolstation,2021-09-08 09:58:43+00:00,2022-02-15 20:01:50+00:00,closed,17,57,159,https://github.com/home-assistant/core/pull/55954,New integration (thank you!),651,2022-02-14T19:59:29Z
55812,Add HomeWizard Energy integration,2021-09-05 21:15:33+00:00,2022-01-12 18:01:58+00:00,merged,21,103,127,https://github.com/home-assistant/core/pull/55812,New integration (thank you!),1974,2022-01-11T00:23:32Z
55620,Add ta_cmi integration,2021-09-02 22:25:41+00:00,2022-09-28 10:02:22+00:00,closed,18,3,389,https://github.com/home-assistant/core/pull/55620,New integration (thank you!),1456,2022-09-27T09:46:49Z
55270,Add GCE Eco-Devices integration,2021-08-26 13:01:00+00:00,2022-06-04 23:01:58+00:00,closed,13,8,281,https://github.com/home-assistant/core/pull/55270,New integration (thank you!),1344,2022-06-03T22:05:13Z
54859,Initial commit for EnaSolar integration,2021-08-19 03:12:22+00:00,2022-01-02 02:18:05+00:00,closed,14,125,134,https://github.com/home-assistant/core/pull/54859,New integration (thank you!),1032,2022-01-01T01:27:05Z
54280,Add new integration Discovergy,2021-08-08 18:55:41+00:00,2023-06-08 15:04:39+00:00,merged,19,77,666,https://github.com/home-assistant/core/pull/54280,New integration (thank you!),1067,2023-06-06T17:44:01Z
53801,Add new integration dyson_local,2021-07-31 15:28:28+00:00,2021-12-16 12:01:50+00:00,closed,19,7,136,https://github.com/home-assistant/core/pull/53801,New integration (thank you!),1128,2021-12-15T11:27:29Z
53552,Add Aussie Broadband integration,2021-07-27 11:51:35+00:00,2022-02-03 13:05:50+00:00,merged,15,70,177,https://github.com/home-assistant/core/pull/53552,New integration (thank you!),952,2022-01-21T05:34:25Z
53430,Add new integration for Legrand RFLC,2021-07-24 18:19:48+00:00,2023-01-18 15:02:03+00:00,closed,17,96,541,https://github.com/home-assistant/core/pull/53430,New integration (thank you!),1180,2023-01-17T14:50:34Z
50913,Add Nobø Ecohub integration,2021-05-20 18:54:48+00:00,2022-09-04 14:01:45+00:00,merged,14,252,470,https://github.com/home-assistant/core/pull/50913,New integration (thank you!),922,2022-09-03T08:11:40Z
50284,Add Geocaching integration,2021-05-08 10:17:55+00:00,2022-05-30 15:06:41+00:00,merged,20,88,368,https://github.com/home-assistant/core/pull/50284,New integration (thank you!),820,2022-05-12T10:12:47Z
48346,Add Whirlpool integration,2021-03-26 00:13:20+00:00,2021-10-07 08:16:03+00:00,merged,16,122,171,https://github.com/home-assistant/core/pull/48346,New integration (thank you!),973,2021-09-13T20:02:34Z
46662,Add new Binance integration,2021-02-16 21:13:56+00:00,2021-12-22 19:01:42+00:00,closed,18,8,307,https://github.com/home-assistant/core/pull/46662,New integration (thank you!),1230,2021-12-21T18:05:20Z
46582,Flipr integration,2021-02-15 17:45:44+00:00,2021-08-14 09:37:58+00:00,merged,15,94,156,https://github.com/home-assistant/core/pull/46582,New integration (thank you!),681,2021-07-21T19:35:45Z
46332,Add Freedompro,2021-02-10 13:51:38+00:00,2021-08-15 09:02:44+00:00,merged,17,111,139,https://github.com/home-assistant/core/pull/46332,New integration (thank you!),907,2021-06-30T11:21:06Z
45915,Add Rako Integration,2021-02-03 18:20:43+00:00,2023-03-08 20:39:43+00:00,closed,21,33,763,https://github.com/home-assistant/core/pull/45915,New integration (thank you!),814,2023-03-08T20:39:42Z
45866,Add devolo home network integration,2021-02-02 15:42:11+00:00,2021-10-30 06:01:50+00:00,merged,21,55,268,https://github.com/home-assistant/core/pull/45866,New integration (thank you!),1007,2021-10-28T20:42:10Z
45749,Add Vorwerk integration,2021-01-30 16:45:59+00:00,2023-01-18 15:02:00+00:00,closed,14,70,716,https://github.com/home-assistant/core/pull/45749,New integration (thank you!),1199,2023-01-17T14:56:39Z
45314,Add Daikin Madoka thermostat integration,2021-01-19 01:03:08+00:00,2021-10-28 13:11:30+00:00,closed,23,39,281,https://github.com/home-assistant/core/pull/45314,New integration (thank you!),1907,2021-10-27T12:22:49Z
45274,Add Barry,2021-01-17 19:26:29+00:00,2022-07-01 05:13:26+00:00,closed,14,71,528,https://github.com/home-assistant/core/pull/45274,New integration (thank you!),374,2022-06-30T04:32:05Z
45071,Add avreceiver,2021-01-12 05:44:12+00:00,2021-08-15 14:01:54+00:00,closed,17,33,214,https://github.com/home-assistant/core/pull/45071,New integration (thank you!),1203,2021-08-14T13:07:24Z
44929,Add Meater integration,2021-01-07 21:14:37+00:00,2022-05-13 14:35:22+00:00,merged,14,102,448,https://github.com/home-assistant/core/pull/44929,New integration (thank you!),427,2022-04-01T13:11:37Z
44779,Introduce wiz integration for the WiZ Platform,2021-01-02 23:53:26+00:00,2022-03-02 21:20:05+00:00,merged,14,168,398,https://github.com/home-assistant/core/pull/44779,New integration (thank you!),722,2022-02-05T00:20:21Z
